timestamp,leg,track,runner,odds,result,stake,bal_before,bal_after
2025-07-15 14:09:05,1,Nottingham 15th Jul,48500509,3.9,LOST,8.0,200.0,4.5
2025-07-15 14:09:10,2,Nottingham 15th Jul,58821816,4.5,LOST,4.5,4.5,4.3
2025-07-15 14:09:15,3,Nottingham 15th Jul,48500509,3.9,LOST,4.3,4.3,4.3
2025-07-15 14:09:20,4,Nottingham 15th Jul,58821816,4.4,LOST,4.3,4.3,4.2
2025-07-15 14:09:25,5,Nottingham 15th Jul,48500509,4.1,WON,4.2,4.2,4.4
2025-07-15 14:09:32,1,Nottingham 15th Jul,58821816,4.3,LOST,0.18,4.4,4.2
2025-07-15 14:09:37,2,Nottingham 15th Jul,48500509,3.9,WON,0.27,4.2,4.3
2025-07-15 14:09:43,1,Nottingham 15th Jul,58821816,4.5,WON,0.17,4.3,4.4
2025-07-15 14:09:49,1,Nottingham 15th Jul,48500509,4.2,LOST,0.18,4.4,4.3
2025-07-15 14:09:54,2,Nottingham 15th Jul,48500509,4.1,WON,0.27,4.3,4.4
2025-07-15 14:10:00,1,Nottingham 15th Jul,48500509,4.2,LOST,0.18,4.4,3.95
2025-07-15 14:10:05,2,Nottingham 15th Jul,58821816,4.4,WON,0.27,3.95,4.3
2025-07-15 14:17:05,1,Downpatrick 15th Jul,45099972,4.6,LOST,0.17,4.3,4.0
2025-07-15 14:17:10,2,Downpatrick 15th Jul,45099972,4.5,WON,0.26,4.0,5.1
2025-07-15 14:17:16,1,Downpatrick 15th Jul,1032853,5.0,LOST,0.2,5.1,5.0
2025-07-15 14:17:21,2,Downpatrick 15th Jul,45099972,5.1,LOST,0.3,5.0,5.0
2025-07-15 14:17:26,3,Downpatrick 15th Jul,45099972,5.0,LOST,0.45,5.0,4.0
2025-07-15 14:17:31,4,Downpatrick 15th Jul,1032853,4.0,WON,0.68,4.0,4.9
2025-07-15 14:17:37,1,Downpatrick 15th Jul,45099972,4.8,LOST,0.2,4.9,4.6
2025-07-15 14:17:42,2,Downpatrick 15th Jul,45099972,4.8,LOST,0.3,4.6,4.4
2025-07-15 14:17:47,3,Downpatrick 15th Jul,1032853,3.85,WON,0.45,4.4,5.0
2025-07-15 14:17:53,1,Downpatrick 15th Jul,1032853,4.3,LOST,0.2,5.0,5.0
2025-07-15 14:17:58,2,Downpatrick 15th Jul,1032853,4.0,LOST,0.3,5.0,5.0
2025-07-15 14:18:03,3,Downpatrick 15th Jul,45099972,5.0,LOST,0.45,5.0,4.8
2025-07-15 14:18:08,4,Downpatrick 15th Jul,45099972,5.0,LOST,0.68,4.8,4.1
2025-07-15 14:18:13,5,Downpatrick 15th Jul,45099972,4.6,WON,1.02,4.1,4.8
2025-07-15 14:29:05,1,Beverley 15th Jul,84958701,2.46,LOST,0.19,4.8,2.52
2025-07-15 14:29:10,2,Beverley 15th Jul,84958701,2.48,LOST,0.31,2.52,2.5
2025-07-15 14:29:15,3,Beverley 15th Jul,84958701,2.46,WON,0.51,2.5,2.7
2025-07-15 14:29:21,1,Beverley 15th Jul,84958701,2.5,LOST,0.11,2.7,2.68
2025-07-15 14:29:26,2,Beverley 15th Jul,84958701,2.68,LOST,0.18,2.68,2.64
2025-07-15 14:29:32,3,Beverley 15th Jul,84958701,2.52,WON,0.3,2.64,2.68
2025-07-15 14:29:37,1,Beverley 15th Jul,84958701,2.7,LOST,0.11,2.68,2.5
2025-07-15 14:29:43,2,Beverley 15th Jul,84958701,2.68,WON,0.18,2.5,2.7
2025-07-15 14:29:49,1,Beverley 15th Jul,84958701,2.5,LOST,0.11,2.7,2.68
2025-07-15 14:29:54,2,Beverley 15th Jul,84958701,2.66,LOST,0.18,2.68,2.68
2025-07-15 14:29:59,3,Beverley 15th Jul,84958701,2.66,LOST,0.3,2.68,2.68
2025-07-15 14:30:04,4,Beverley 15th Jul,84958701,2.7,WON,0.49,2.68,2.82
2025-07-15 14:39:05,1,Nottingham 15th Jul,46145400,3.0,WON,0.11,2.82,3.0
2025-07-15 14:39:11,1,Nottingham 15th Jul,46145400,3.3,LOST,0.12,3.0,2.96
2025-07-15 14:39:16,2,Nottingham 15th Jul,46145400,2.98,WON,0.2,2.96,3.0
2025-07-15 14:39:22,1,Nottingham 15th Jul,46145400,2.98,LOST,0.12,3.0,2.98
2025-07-15 14:39:27,2,Nottingham 15th Jul,46145400,2.98,WON,0.2,2.98,3.3
2025-07-15 14:39:33,1,Nottingham 15th Jul,46145400,2.98,LOST,0.13,3.3,3.0
2025-07-15 14:39:39,2,Nottingham 15th Jul,46145400,3.3,LOST,0.2,3.0,3.0
2025-07-15 14:39:44,3,Nottingham 15th Jul,46145400,3.0,WON,0.3,3.0,3.15
2025-07-15 14:39:50,1,Nottingham 15th Jul,46145400,3.0,LOST,0.13,3.15,3.0
2025-07-15 14:39:55,2,Nottingham 15th Jul,46145400,2.98,WON,0.21,3.0,3.35
2025-07-15 14:40:01,1,Nottingham 15th Jul,46145400,3.0,LOST,0.13,3.35,3.15
2025-07-15 14:40:06,2,Nottingham 15th Jul,46145400,2.98,WON,0.21,3.15,3.4
2025-07-15 14:47:05,1,Downpatrick 15th Jul,73454840,1.52,LOST,0.14,3.4,1.65
2025-07-15 14:47:10,2,Downpatrick 15th Jul,73454840,1.57,LOST,0.36,1.65,1.63
2025-07-15 14:47:15,3,Downpatrick 15th Jul,73454840,1.57,LOST,0.99,1.63,1.63
2025-07-15 14:47:20,4,Downpatrick 15th Jul,73454840,1.6,WON,1.63,1.63,1.64
2025-07-15 14:47:26,1,Downpatrick 15th Jul,73454840,1.52,LOST,0.07,1.64,1.54
2025-07-15 14:47:31,2,Downpatrick 15th Jul,73454840,1.57,WON,0.23,1.54,1.57
2025-07-15 14:47:37,1,Downpatrick 15th Jul,73454840,1.55,LOST,0.06,1.57,1.55
2025-07-15 14:47:42,2,Downpatrick 15th Jul,73454840,1.6,WON,0.2,1.55,1.62
2025-07-15 14:47:48,1,Downpatrick 15th Jul,73454840,1.56,LOST,0.06,1.62,1.52
2025-07-15 14:47:53,2,Downpatrick 15th Jul,73454840,1.54,WON,0.22,1.52,1.54
2025-07-15 14:47:59,1,Downpatrick 15th Jul,73454840,1.58,WON,0.06,1.54,1.55
2025-07-15 14:59:05,1,Beverley 15th Jul,85758799,1.61,WON,0.06,1.55,1.66
2025-07-15 14:59:11,1,Beverley 15th Jul,85758799,1.62,WON,0.07,1.66,1.68
2025-07-15 14:59:17,1,Beverley 15th Jul,85758799,1.64,WON,0.07,1.68,1.71
2025-07-15 14:59:23,1,Beverley 15th Jul,85758799,1.61,LOST,0.07,1.71,1.63
2025-07-15 14:59:28,2,Beverley 15th Jul,85758799,1.66,WON,0.2,1.63,1.71
2025-07-15 14:59:34,1,Beverley 15th Jul,85758799,1.62,LOST,0.07,1.71,1.68
2025-07-15 14:59:39,2,Beverley 15th Jul,85758799,1.71,LOST,0.19,1.68,1.58
2025-07-15 14:59:44,3,Beverley 15th Jul,85758799,1.68,WON,0.48,1.58,1.62
2025-07-15 14:59:50,1,Beverley 15th Jul,85758799,1.68,WON,0.06,1.62,1.66
2025-07-15 14:59:55,1,Beverley 15th Jul,85758799,1.64,LOST,0.07,1.66,1.64
2025-07-15 15:00:01,2,Beverley 15th Jul,85758799,1.69,WON,0.2,1.64,1.66
2025-07-15 15:09:05,1,Nottingham 15th Jul,258124,2.74,WON,0.07,1.66,2.94
2025-07-15 15:09:11,1,Nottingham 15th Jul,258124,2.86,WON,0.12,2.94,3.05
2025-07-15 15:09:17,1,Nottingham 15th Jul,84038801,2.94,LOST,0.12,3.05,2.96
2025-07-15 15:09:22,2,Nottingham 15th Jul,258124,2.9,WON,0.2,2.96,2.98
2025-07-15 15:09:28,1,Nottingham 15th Jul,258124,2.86,LOST,0.12,2.98,2.92
2025-07-15 15:09:33,2,Nottingham 15th Jul,258124,2.74,WON,0.2,2.92,2.96
2025-07-15 15:09:38,1,Nottingham 15th Jul,258124,3.05,LOST,0.12,2.96,2.82
2025-07-15 15:09:44,2,Nottingham 15th Jul,258124,2.9,WON,0.2,2.82,2.94
2025-07-15 15:09:49,1,Nottingham 15th Jul,258124,2.8,LOST,0.12,2.94,2.8
2025-07-15 15:09:55,2,Nottingham 15th Jul,258124,2.78,WON,0.2,2.8,3.05
2025-07-15 15:10:00,1,Nottingham 15th Jul,258124,2.84,LOST,0.12,3.05,3.0
2025-07-15 15:10:06,2,Nottingham 15th Jul,258124,2.98,LOST,0.2,3.0,2.8
2025-07-15 15:10:11,3,Nottingham 15th Jul,258124,3.05,WON,0.3,2.8,2.84
2025-07-15 15:17:05,1,Downpatrick 15th Jul,84080072,1.67,LOST,0.11,2.84,1.69
2025-07-15 15:17:10,2,Downpatrick 15th Jul,84080072,1.69,WON,0.26,1.69,1.7
2025-07-15 15:17:16,1,Downpatrick 15th Jul,84080072,1.69,LOST,0.07,1.7,1.67
2025-07-15 15:17:22,2,Downpatrick 15th Jul,84080072,1.7,WON,0.2,1.67,1.74
2025-07-15 15:17:27,1,Downpatrick 15th Jul,84080072,1.69,LOST,0.07,1.74,1.74
2025-07-15 15:17:32,2,Downpatrick 15th Jul,84080072,1.67,LOST,0.21,1.74,1.69
2025-07-15 15:17:38,3,Downpatrick 15th Jul,84080072,1.65,LOST,0.53,1.69,1.69
2025-07-15 15:17:43,4,Downpatrick 15th Jul,84080072,1.66,LOST,1.33,1.69,1.63
2025-07-15 15:17:48,5,Downpatrick 15th Jul,84080072,1.68,WON,1.63,1.63,1.69
2025-07-15 15:17:54,1,Downpatrick 15th Jul,84080072,1.71,LOST,0.07,1.69,1.69
2025-07-15 15:17:59,2,Downpatrick 15th Jul,84080072,1.69,WON,0.2,1.69,1.71
2025-07-15 15:18:05,1,Downpatrick 15th Jul,84080072,1.65,LOST,0.07,1.71,1.7
2025-07-15 15:18:10,2,Downpatrick 15th Jul,84080072,1.65,LOST,0.21,1.7,1.64
2025-07-15 15:18:15,3,Downpatrick 15th Jul,84080072,1.68,WON,0.51,1.64,1.69
2025-07-15 15:29:05,1,Beverley 15th Jul,75687858,4.0,WON,0.07,1.69,4.1
2025-07-15 15:29:11,1,Beverley 15th Jul,75687858,3.75,LOST,0.16,4.1,4.0
2025-07-15 15:29:16,2,Beverley 15th Jul,75687858,4.0,LOST,0.24,4.0,3.8
2025-07-15 15:29:21,3,Beverley 15th Jul,75687858,3.8,WON,0.36,3.8,4.0
2025-07-15 15:29:27,1,Beverley 15th Jul,75687858,4.0,LOST,0.16,4.0,4.0
2025-07-15 15:29:32,2,Beverley 15th Jul,75687858,3.85,LOST,0.24,4.0,4.0
2025-07-15 15:29:37,3,Beverley 15th Jul,75687858,4.0,LOST,0.36,4.0,3.85
2025-07-15 15:29:42,4,Beverley 15th Jul,75687858,3.85,LOST,0.54,3.85,3.8
2025-07-15 15:29:47,5,Beverley 15th Jul,75687858,4.0,WON,0.81,3.8,4.1
2025-07-15 15:29:53,1,Beverley 15th Jul,75687858,4.0,LOST,0.16,4.1,3.85
2025-07-15 15:29:58,2,Beverley 15th Jul,75687858,3.85,LOST,0.24,3.85,3.85
2025-07-15 15:30:03,3,Beverley 15th Jul,75687858,4.0,LOST,0.36,3.85,3.75
2025-07-15 15:30:09,4,Beverley 15th Jul,75687858,3.85,WON,0.54,3.75,4.1
2025-07-15 15:39:05,1,Nottingham 15th Jul,73344906,2.24,LOST,0.16,4.1,2.24
2025-07-15 15:39:10,2,Nottingham 15th Jul,73344906,2.18,LOST,0.26,2.24,2.24
2025-07-15 15:39:15,3,Nottingham 15th Jul,73344906,2.16,LOST,0.43,2.24,2.18
2025-07-15 15:39:20,4,Nottingham 15th Jul,73344906,2.2,LOST,0.71,2.18,2.14
2025-07-15 15:39:25,5,Nottingham 15th Jul,73344906,2.18,WON,1.17,2.14,2.16
2025-07-15 15:39:31,1,Nottingham 15th Jul,73344906,2.18,LOST,0.09,2.16,2.1
2025-07-15 15:39:36,2,Nottingham 15th Jul,73344906,2.18,WON,0.15,2.1,2.2
2025-07-15 15:39:42,1,Nottingham 15th Jul,73344906,2.18,LOST,0.09,2.2,2.2
2025-07-15 15:39:47,2,Nottingham 15th Jul,73344906,2.2,LOST,0.15,2.2,2.2
2025-07-15 15:39:53,3,Nottingham 15th Jul,73344906,2.18,LOST,0.25,2.2,2.12
2025-07-15 15:39:58,4,Nottingham 15th Jul,73344906,2.2,WON,0.41,2.12,2.24
2025-07-15 15:40:04,1,Nottingham 15th Jul,73344906,2.18,LOST,0.09,2.24,2.2
2025-07-15 15:40:09,2,Nottingham 15th Jul,73344906,2.2,LOST,0.15,2.2,2.16
2025-07-15 15:40:14,3,Nottingham 15th Jul,73344906,2.16,WON,0.25,2.16,2.24
2025-07-15 15:47:05,1,Downpatrick 15th Jul,62669538,4.5,WON,0.09,2.24,4.5
2025-07-15 15:47:11,1,Downpatrick 15th Jul,62669538,4.5,LOST,0.18,4.5,4.5
2025-07-15 15:47:16,2,Downpatrick 15th Jul,43626890,5.5,WON,0.27,4.5,5.3
2025-07-15 15:47:22,1,Downpatrick 15th Jul,43626890,5.4,LOST,0.21,5.3,4.5
2025-07-15 15:47:27,2,Downpatrick 15th Jul,18423887,5.0,LOST,0.32,4.5,4.2
2025-07-15 15:47:32,3,Downpatrick 15th Jul,43626890,5.4,WON,0.48,4.2,4.6
2025-07-15 15:47:38,1,Downpatrick 15th Jul,18423887,4.5,LOST,0.18,4.6,4.6
2025-07-15 15:47:43,2,Downpatrick 15th Jul,43626890,5.4,WON,0.27,4.6,4.8
2025-07-15 15:47:49,1,Downpatrick 15th Jul,43626890,5.3,LOST,0.19,4.8,4.5
2025-07-15 15:47:54,2,Downpatrick 15th Jul,43626890,5.4,LOST,0.29,4.5,4.5
2025-07-15 15:47:59,3,Downpatrick 15th Jul,18423887,4.6,WON,0.43,4.5,5.4
2025-07-24 13:21:01,Worcester,2m4f Hcap Chs,2025-07-24 13:10:00,7367694,Dexter,2.4,3.0,LOST
2025-07-24 13:21:01,Worcester,2m4f Hcap Chs,2025-07-24 13:10:00,7367694,Dexter,2.4,3.0,LOST
2025-07-28T00:00:00.242015+01:00,1.246016315,5f Mdn Stks,Ayr 28th Jul,1,Fizzy Cristal,2.1,200.0,False,-200.0,4800.0
2025-07-28T14:04:55.771222+01:00,1.246016276,7f Hcap,Yarmouth 28th Jul,2,Rogue Dynasty,3.1,218.18181818181816,False,-218.18181818181816,4581.818181818182
2025-07-28T14:21:55.717073+01:00,1.246016282,7f Nov Stks,Yarmouth 28th Jul,3,Half Sovereign,2.16,327.27272727272725,True,379.6363636363637,4961.454545454546
2025-07-28T14:51:25.646013+01:00,1.246016327,7f Hcap,Ayr 28th Jul,1,Kelpie Grey,4.1,198.45818181818186,False,-198.45818181818186,4762.996363636365
2025-07-28T15:05:55.711801+01:00,1.246016288,1m6f Hcap,Yarmouth 28th Jul,2,String Of Pearls,1.85,297.6872727272728,True,253.0341818181819,5016.030545454547
2025-07-28T15:24:26.050057+01:00,1.246016334,1m Hcap,Ayr 28th Jul,1,Jannas Journey,1.68,200.0,True,136.0,5152.030545454547
2025-07-28T15:35:55.800553+01:00,1.246016295,1m3f Stks,Yarmouth 28th Jul,1,Rolling Luck,3.4,200.0,False,-200.0,4952.030545454547
2025-07-28T15:55:55.942198+01:00,1.246016341,1m2f Hcap,Ayr 28th Jul,2,Crown Of Oaks,2.1,300.0,True,330.0,5282.030545454547
2025-07-28T16:11:55.793442+01:00,1.246016302,1m2f Hcap,Yarmouth 28th Jul,1,Knight Of Magic,3.25,200.0,False,-200.0,5082.030545454547
2025-07-28T16:28:25.722162+01:00,1.246016309,1m Hcap,Yarmouth 28th Jul,2,Hinitsa Bay,1.9,300.0,False,-300.0,4782.030545454547
2025-07-28T17:00:25.706948+01:00,1.246016741,2m Nov Hrd,Galway 28th Jul,3,Davy Crockett,1.56,666.6666666666667,True,373.3333333333334,5155.36387878788
2025-07-28T17:20:26.071907+01:00,1.246016355,1m2f Hcap,Ayr 28th Jul,1,Zebra Star,4.0,200.0,False,-200.0,4955.36387878788
2025-07-28T17:22:26.374213+01:00,1.246016748,2m Hcap Hrd,Galway 28th Jul,2,Rakki,4.8,300.0,False,-300.0,4655.36387878788
2025-07-28T17:50:56.113105+01:00,1.246016361,6f Nov Stks,Southwell 28th Jul,3,Special Dividend,1.79,450.0,True,355.5,5010.86387878788
2025-07-28T17:57:56.992996+01:00,1.246016238,6f Nov Stks,Windsor 28th Jul,1,Hilitany,2.62,200.0,True,324.0,5334.86387878788
2025-07-28T18:04:55.529566+01:00,1.246016755,7f Mdn,Galway 28th Jul,1,Constitution River,1.22,200.0,True,43.99999999999999,5378.86387878788
2025-07-28T18:15:55.632398+01:00,1.246016368,7f Nov Stks,Southwell 28th Jul,1,Key Of Magic,1.48,200.0,False,-200.0,5178.86387878788
2025-07-28T18:29:26.001522+01:00,1.246016244,1m2f Nov Stks,Windsor 28th Jul,2,Finalise,1.44,500.0,False,-500.0,4678.86387878788
2025-07-28T18:36:25.706756+01:00,1.246016762,2m1f Hcap,Galway 28th Jul,3,Too Bossy For Us,5.6,1909.0909090909092,False,-1909.0909090909092,2769.772969696971
2025-07-28T18:51:56.379478+01:00,1.246016374,1m Hcap,Southwell 28th Jul,4,Tiempo Alegre,4.5,2863.636363636364,True,10022.727272727274,12792.500242424245
2025-07-28T18:59:27.187844+01:00,1.246016769,7f Hcap,Galway 28th Jul,1,Aviatrice,4.7,200.0,False,-200.0,12592.500242424245
2025-07-28T19:24:26.150593+01:00,1.246016381,7f Hcap,Southwell 28th Jul,2,Altmore,5.1,300.0,False,-300.0,12292.500242424245
2025-07-28T19:52:56.213159+01:00,1.246016263,1m2f Hcap,Windsor 28th Jul,3,Glitter Code,3.9,450.0,False,-450.0,11842.500242424245
2025-07-28T20:15:00.688633+01:00,1.246016783,2m INHF,Galway 28th Jul,4,Coutach,4.8,675.0,False,-675.0,11167.500242424245
2025-07-28T20:37:02.023990+01:00,1.246016395,1m6f Hcap,Southwell 28th Jul,5,Hatysa,1.11,1012.5,True,111.3750000000001,11278.875242424245
2025-07-29 17:22:37,,,,2025-07-29,,,,,end_of_day,0.0,12358.28
2025-07-30 13:19:00,1.246097153,1m4f Hcap,Goodwood,2025-07-30,1,Sing Us A Song,4.8,200.0,loss,-200.0,12158.28
2025-07-30 13:54:00,1.246097160,7f Grp 3,Goodwood,2025-07-30,2,Bright Thunder,5.9,300.0,loss,-300.0,11858.28
2025-07-30 14:09:00,1.246096679,6f Nov Stks,Redcar,2025-07-30,3,Taaklam,4.1,450.0,loss,-450.0,11408.28
2025-07-30 14:29:00,1.246097167,5f Grp 3,Goodwood,2025-07-30,4,Lady Iman,2.58,675.0,win,1066.5,12474.78
2025-07-30 14:44:00,1.246096686,7f Nov Stks,Redcar,2025-07-30,1,Circios,1.16,200.0,win,31.999999999999986,12506.78
2025-07-30 15:04:00,1.246097173,1m Grp 1,Goodwood,2025-07-30,1,Field Of Gold,1.43,200.0,loss,-200.0,12306.78
2025-07-30 15:19:00,1.246096700,1m2f Hcap,Redcar,2025-07-30,2,Forest Caper,4.6,558.14,loss,-558.139534883721,11748.64
2025-07-30 15:44:00,1.246097180,1m2f Hcap,Goodwood,2025-07-30,3,Music Piece,5.7,837.21,loss,-837.2093023255816,10911.43
2025-07-30 15:59:00,1.246096692,1m Hcap,Redcar,2025-07-30,4,Latynina,3.75,1255.81,loss,-1255.8139534883724,9655.61
2025-07-30 16:19:00,1.246097188,5f Cond Stks,Goodwood,2025-07-30,5,Zelaina,2.8,1883.72,loss,-1883.7209302325587,7771.89
2025-07-30 16:26:30,1.246096922,6f Hcap,Redcar,2025-07-30,,,,,skipped,0.0,7771.89
2025-07-30 16:54:00,1.246097284,7f Hcap,Goodwood,2025-07-30,6,Native Warrior,6.6,7771.89,loss,-7771.89152149401,0.0
2025-07-30 17:08:31,,,,2025-07-30,,,,,end_of_day,0.0,0.0
2025-08-04T20:44:00.045230+01:00,,,,,,,,,END_OF_DAY,,0.0
2025-08-05T18:24:07.493410+01:00,,,,,,,,,END_OF_DAY,,220.0
2025-08-06T18:29:41.273525+01:00,,,,,,,,,END_OF_DAY,,220.0
2025-08-06T20:54:00.047016+01:00,,,,,,,,,END_OF_DAY,,220.0
2025-08-07T18:04:01.237735+01:00,1.246351728,1m1f Mdn,Leopardstown 7th Aug,2025-08-07,1,Slaney Drive,3.8,0.01,L,-0.01,219.99
2025-08-07T18:13:29.224177+01:00,1.246351768,2m2f Nov Hrd,Sligo 7th Aug,2025-08-07T17:05:00+00:00,2,Spy,3.55,0.01,L,-0.01,219.98000000000002
2025-08-07T18:23:31.103214+01:00,1.246349482,5f Mdn Stks,Sandown 7th Aug,2025-08-07T17:15:00+00:00,3,Entailed,3.1,0.01,W,0.021,220.001
2025-08-07T18:32:32.118901+01:00,1.246351733,1m Grp 3,Leopardstown 7th Aug,2025-08-07T17:23:00+00:00,1,Alakazi,3.25,0.01,L,-0.01,219.991
2025-08-07T18:36:02.515967+01:00,1.246350996,7f Hcap,Chepstow 7th Aug,2025-08-07T17:30:00+00:00,2,Great Acclaim,4.7,0.01,W,0.037000000000000005,220.02800000000002
2025-08-07T18:43:03.358104+01:00,1.246351773,2m2f Hcap Hrd,Sligo 7th Aug,2025-08-07T17:35:00+00:00,1,Torquay Road,4.6,0.01,W,0.036,220.06400000000002
2025-08-07T19:04:02.503863+01:00,1.246349488,1m Mdn Chs Stks,Sandown 7th Aug,2025-08-07T17:45:00+00:00,1,Corinth,1.54,0.01,L,-0.01,220.05400000000003
2025-08-07T19:04:32.643960+01:00,1.246351738,1m4f Grp 3,Leopardstown 7th Aug,2025-08-07T17:53:00+00:00,2,Crystal Black,1.78,0.01,L,-0.01,220.04400000000004
2025-08-07T19:10:03.496577+01:00,1.246351003,7f Hcap,Chepstow 7th Aug,2025-08-07T18:00:00+00:00,3,Intervention,30.0,0.01,L,-0.01,220.03400000000005
2025-08-07T19:13:03.869474+01:00,1.246351778,2m5f Mdn Hrd,Sligo 7th Aug,2025-08-07T18:05:00+00:00,4,Hobart,3.1,0.01,L,-0.01,220.02400000000006
2025-08-07T19:23:00.982803+01:00,1.246349492,1m2f Hcap,Sandown 7th Aug,2025-08-07T18:15:00+00:00,5,Dangerman,2.32,0.01,W,0.013199999999999998,220.03720000000007
2025-08-07T19:34:02.289698+01:00,1.246351743,7f Hcap,Leopardstown 7th Aug,2025-08-07T18:23:00+00:00,1,Akeela,8.2,0.01,L,-0.01,220.02720000000008
2025-08-07T19:43:33.203680+01:00,1.246351783,2m5f Hcap Hrd,Sligo 7th Aug,2025-08-07T18:35:00+00:00,2,Cornmarket,3.05,0.01,L,-0.01,220.0172000000001
2025-08-07T19:53:00.943505+01:00,1.246349504,7f Hcap,Sandown 7th Aug,2025-08-07T18:45:00+00:00,3,Diligent Resdev,3.4,0.01,L,-0.01,220.0072000000001
2025-08-07T20:02:02.045963+01:00,1.246351748,1m1f Hcap,Leopardstown 7th Aug,2025-08-07T18:53:00+00:00,4,Medieval Night,8.2,0.01,L,-0.01,219.9972000000001
2025-08-07T20:07:32.615837+01:00,1.246351107,1m4f Hcap,Chepstow 7th Aug,2025-08-07T19:00:00+00:00,5,Beylerbeyi,4.1,0.01,W,0.030999999999999996,220.0282000000001
2025-08-07T20:15:33.437345+01:00,1.246351788,2m2f INHF,Sligo 7th Aug,2025-08-07T19:05:00+00:00,1,Barra Rua,3.15,0.01,L,-0.01,220.01820000000012
2025-08-07T20:24:30.713390+01:00,1.246349595,1m Hcap,Sandown 7th Aug,2025-08-07T19:20:00+00:00,2,King Of Charm,4.9,0.01,L,-0.01,220.00820000000013
2025-08-07T20:32:01.732315+01:00,1.246351753,1m7f Hcap,Leopardstown 7th Aug,2025-08-07T19:25:00+00:00,3,Lady Kai,3.5,0.01,L,-0.01,219.99820000000014
2025-08-07T20:37:02.424459+01:00,1.246351114,1m2f Hcap,Chepstow 7th Aug,2025-08-07T19:30:00+00:00,4,Hornsea Bay,3.2,0.01,L,-0.01,219.98820000000015
2025-08-07T20:37:02.424617+01:00,,,,,,,,,END_OF_DAY,,219.98820000000015
2025-08-07T21:53:15.410469+01:00,,,,,,,,,END_OF_DAY,,220.0
2025-08-08T13:56:00.919124+01:00,1.246386804,1m1f Hcap,Musselburgh 8th Aug,2025-08-08T12:50:00+00:00,1,Ocean Odyssey,2.86,0.01,L,-0.01,219.99
2025-08-08T14:22:31.454112+01:00,1.246386848,6f Stks,Thirsk 8th Aug,2025-08-08T13:10:00+00:00,2,Filey Beach,2.76,0.02,L,-0.02,219.97
2025-08-08T14:25:31.784096+01:00,1.246386810,5f Nov Stks,Musselburgh 8th Aug,2025-08-08T13:20:00+00:00,3,Schrodingers Cat,2.14,0.03,L,-0.03,219.94
2025-08-08T14:47:31.848882+01:00,1.246386895,6f Mdn Stks,Brighton 8th Aug,2025-08-08T13:30:00+00:00,4,Magic Stone,2.38,0.05,W,0.06899999999999999,220.009
2025-08-08T14:57:30.993289+01:00,1.246386817,7f Stks,Musselburgh 8th Aug,2025-08-08T13:50:00+00:00,1,Homestrait,2.28,0.01,W,0.012799999999999999,220.02179999999998
2025-08-08T15:08:00.864540+01:00,1.246386902,1m2f Stks,Brighton 8th Aug,2025-08-08T14:00:00+00:00,1,Knight Of Magic,1.98,0.01,L,-0.01,220.0118
2025-08-08T15:22:31.333885+01:00,1.246386862,7f Nursery,Thirsk 8th Aug,2025-08-08T14:10:00+00:00,2,London,3.7,0.02,L,-0.02,219.99179999999998
2025-08-08T15:26:01.768170+01:00,1.246386823,7f Hcap,Musselburgh 8th Aug,2025-08-08T14:20:00+00:00,3,Crimson Spirit,3.15,0.03,L,-0.03,219.96179999999998
2025-08-08T16:20:01.020358+01:00,1.246386875,1m4f Hcap,Thirsk 8th Aug,2025-08-08T15:13:00+00:00,4,Paddy The Squire,2.2,0.05,W,0.06000000000000001,220.02179999999998
2025-08-08T16:26:01.876286+01:00,1.246391812,2m1f Mdn Hrd,Wexford 8th Aug,2025-08-08T15:18:00+00:00,1,Lady Doyanne,2.5,0.01,W,0.015,220.03679999999997
2025-08-08T16:35:30.784559+01:00,1.246386841,1m4f Hcap,Musselburgh 8th Aug,2025-08-08T15:30:00+00:00,1,Cascade Hall,3.5,0.01,L,-0.01,220.02679999999998
2025-08-08T16:44:01.635841+01:00,1.246386921,7f Hcap,Brighton 8th Aug,2025-08-08T15:35:00+00:00,2,Towerlands,2.02,0.02,L,-0.02,220.00679999999997
2025-08-08T17:01:31.026548+01:00,1.246391817,2m1f Hcap Hrd,Wexford 8th Aug,2025-08-08T15:53:00+00:00,3,Pauls Dream,4.4,0.03,L,-0.03,219.97679999999997
2025-08-08T17:11:00.942477+01:00,1.246386835,7f Hcap,Musselburgh 8th Aug,2025-08-08T16:05:00+00:00,4,Highland Olly,2.84,0.05,L,-0.05,219.92679999999996
2025-08-08T17:32:31.698518+01:00,1.246386764,7f Mdn Stks,Newmarket 8th Aug,2025-08-08T16:20:00+00:00,5,Al Zanati,2.02,0.08,W,0.0816,220.00839999999997
2025-08-08T17:38:02.564315+01:00,1.246391822,2m1f Hcap Hrd,Wexford 8th Aug,2025-08-08T16:28:00+00:00,1,Bowensonfire,3.85,0.01,L,-0.01,219.99839999999998
2025-08-08T17:44:00.628388+01:00,1.246386728,5f Nursery,Haydock 8th Aug,2025-08-08T16:40:00+00:00,2,Silent Applause,2.02,0.02,W,0.0204,220.01879999999997
2025-08-08T17:52:30.927457+01:00,1.246391787,7f Listed,Tipperary 8th Aug,2025-08-08T16:47:00+00:00,1,Brussels,1.85,0.01,L,-0.01,220.00879999999998
2025-08-08T18:06:01.541588+01:00,1.246386778,1m Mdn Stks,Newmarket 8th Aug,2025-08-08T16:55:00+00:00,2,Evolutionist,3.1,0.02,W,0.042,220.05079999999998
2025-08-08T18:12:32.232888+01:00,1.246391827,3m Hcap Hrd,Wexford 8th Aug,2025-08-08T17:03:00+00:00,1,Corbally Cross,5.2,0.01,W,0.042,220.09279999999998
2025-08-08T18:38:32.939616+01:00,1.246386731,1m6f Hcap,Haydock 8th Aug,2025-08-08T17:15:00+00:00,1,Nibras Gold,3.15,0.01,L,-0.01,220.0828
2025-08-08T18:43:03.439779+01:00,1.246386771,6f Mdn Stks,Newmarket 8th Aug,2025-08-08T17:30:00+00:00,2,Gouken,1.4,0.02,L,-0.02,220.06279999999998
2025-08-08T18:49:34.416177+01:00,1.246391832,3m Hcap Hrd,Wexford 8th Aug,2025-08-08T17:38:00+00:00,3,Small Town Hero,2.92,0.03,W,0.0576,220.1204
2025-08-08T18:57:35.198253+01:00,1.246386737,1m2f Mdn Stks,Haydock 8th Aug,2025-08-08T17:50:00+00:00,1,Respond,2.42,0.01,W,0.014199999999999999,220.13459999999998
2025-08-08T19:04:36.311005+01:00,1.246391797,7f Hcap,Tipperary 8th Aug,2025-08-08T17:57:00+00:00,1,Shahada Ace,2.86,0.01,W,0.0186,220.15319999999997
2025-08-08T19:22:01.118549+01:00,1.246391837,2m4f Hcap Hrd,Wexford 8th Aug,2025-08-08T18:13:00+00:00,1,Cullagh Pride,4.9,0.01,L,-0.01,220.14319999999998
2025-08-08T19:34:31.425109+01:00,1.246386744,7f Nov Stks,Haydock 8th Aug,2025-08-08T18:25:00+00:00,2,Whats The Plan,2.58,0.02,L,-0.02,220.12319999999997
2025-08-08T19:37:31.800291+01:00,1.246391802,1m1f Stks,Tipperary 8th Aug,2025-08-08T18:32:00+00:00,3,Nautical Force,1.59,0.03,W,0.0177,220.14089999999996
2025-08-08T19:52:31.987467+01:00,1.246386792,7f Hcap,Newmarket 8th Aug,2025-08-08T18:40:00+00:00,1,Rogue Dynasty,2.82,0.01,L,-0.01,220.13089999999997
2025-08-08T19:56:02.602673+01:00,1.246391842,2m4f Hcap Hrd,Wexford 8th Aug,2025-08-08T18:48:00+00:00,2,My Good Pal,2.66,0.02,W,0.0332,220.16409999999996
2025-08-08T20:13:31.665873+01:00,1.246386751,7f Mdn Stks,Haydock 8th Aug,2025-08-08T19:00:00+00:00,1,Moonshine,1.59,0.01,L,-0.01,220.15409999999997
2025-08-08T20:23:02.641465+01:00,1.246386799,1m2f Hcap,Newmarket 8th Aug,2025-08-08T19:14:00+00:00,2,Charming Whisper,6.0,0.02,W,0.1,220.25409999999997
2025-08-08T20:29:03.570266+01:00,1.246391847,2m1f INHF,Wexford 8th Aug,2025-08-08T19:22:00+00:00,1,Are You Around,2.0,0.01,L,-0.01,220.24409999999997
2025-08-08T20:40:04.664849+01:00,1.246386757,7f Hcap,Haydock 8th Aug,2025-08-08T19:30:00+00:00,2,Stratocracy,4.8,0.02,L,-0.02,220.22409999999996
2025-08-08T20:40:04.665012+01:00,,,,,,,,,END_OF_DAY,,220.22409999999996
2025-08-09T13:51:00.811808+01:00,1.246418792,7f Mdn,Curragh 9th Aug,2025-08-09T12:45:00+00:00,1,Al Haarith,2.42,0.01,L,-0.01,219.99
2025-08-09T14:02:00.812675+01:00,1.246418739,7f Nursery,Newmarket 9th Aug,2025-08-09T12:55:00+00:00,2,Ballistic Missile,2.6,0.02,L,-0.02,219.97
2025-08-09T14:10:01.887673+01:00,1.246418779,7f Mdn Stks,Redcar 9th Aug,2025-08-09T13:02:00+00:00,3,Hostility,1.83,0.03,L,-0.03,219.94
2025-08-09T14:20:32.937157+01:00,1.246418970,2m Hcap,Ascot 9th Aug,2025-08-09T13:10:00+00:00,4,La Vita Nova,3.2,0.05,L,-0.05,219.89
2025-08-09T14:23:03.234261+01:00,1.246418797,6f Mdn,Curragh 9th Aug,2025-08-09T13:15:00+00:00,5,Watch Tower,5.5,0.08,L,-0.08,219.80999999999997
2025-08-09T14:30:30.656587+01:00,1.246418910,1m Listed,Haydock 9th Aug,2025-08-09T13:25:00+00:00,6,Protest,3.25,0.12,L,-0.12,219.68999999999997
2025-08-09T14:39:00.748119+01:00,1.246418745,7f Mdn Stks,Newmarket 9th Aug,2025-08-09T13:32:00+00:00,7,Zanthos,1.86,0.18,W,0.15480000000000002,219.84479999999996
2025-08-09T14:44:31.470253+01:00,1.246418786,1m Hcap,Redcar 9th Aug,2025-08-09T13:37:00+00:00,1,Tootsie,3.7,0.01,L,-0.01,219.83479999999997
2025-08-09T14:53:02.449159+01:00,1.246418977,1m4f Hcap,Ascot 9th Aug,2025-08-09T13:45:00+00:00,2,Night Breeze,4.0,0.02,W,0.06,219.89479999999998
2025-08-09T14:55:02.695066+01:00,1.246418802,7f Stks,Curragh 9th Aug,2025-08-09T13:50:00+00:00,1,Nautic Star,2.42,0.01,L,-0.01,219.88479999999998
2025-08-09T15:07:30.877425+01:00,1.246418917,1m2f Grp 3,Haydock 9th Aug,2025-08-09T14:00:00+00:00,2,Haatem,3.4,0.02,L,-0.02,219.86479999999997
2025-08-09T15:13:31.489944+01:00,1.246418752,7f Hcap,Newmarket 9th Aug,2025-08-09T14:07:00+00:00,3,Royal Velvet,2.88,0.03,L,-0.03,219.83479999999997
2025-08-09T15:18:32.000573+01:00,1.246418833,1m Hcap,Redcar 9th Aug,2025-08-09T14:12:00+00:00,4,Eeetee,5.4,0.05,L,-0.05,219.78479999999996
2025-08-09T15:33:31.022857+01:00,1.246418807,6f Grp 3,Curragh 9th Aug,2025-08-09T14:25:00+00:00,5,Ides Of March,4.2,0.08,L,-0.08,219.70479999999995
2025-08-09T15:39:30.563500+01:00,1.246418924,1m2f Hcap,Haydock 9th Aug,2025-08-09T14:35:00+00:00,6,Masterinthewoods,4.4,0.12,W,0.40800000000000003,220.11279999999994
2025-08-09T15:45:01.193685+01:00,1.246418758,7f Grp 3,Newmarket 9th Aug,2025-08-09T14:40:00+00:00,1,Midnight Tango,2.62,0.01,L,-0.01,220.10279999999995
2025-08-09T16:02:00.800906+01:00,1.246418990,1m4f Hcap,Ascot 9th Aug,2025-08-09T14:55:00+00:00,2,Tenability,2.84,0.02,W,0.0368,220.13959999999994
2025-08-09T16:06:01.320360+01:00,1.246418812,6f Grp 1,Curragh 9th Aug,2025-08-09T15:00:00+00:00,1,True Love,1.3,0.01,L,-0.01,220.12959999999995
2025-08-09T16:17:00.792057+01:00,1.246418931,7f Hcap,Haydock 9th Aug,2025-08-09T15:10:00+00:00,2,Kodi Lion,3.75,0.02,L,-0.02,220.10959999999994
2025-08-09T16:25:01.686709+01:00,1.246418765,1m Hcap,Newmarket 9th Aug,2025-08-09T15:17:00+00:00,3,Mister Winston,2.64,0.03,W,0.0492,220.15879999999996
2025-08-09T16:28:02.112972+01:00,1.246418847,5f Stks,Redcar 9th Aug,2025-08-09T15:22:00+00:00,1,Back Tomorrow,4.0,0.01,L,-0.01,220.14879999999997
2025-08-09T16:41:01.402031+01:00,1.246418997,1m Hcap,Ascot 9th Aug,2025-08-09T15:30:00+00:00,2,Urban Lion,3.65,0.02,L,-0.02,220.12879999999996
2025-08-09T16:53:31.330661+01:00,1.246418938,7f Hcap,Haydock 9th Aug,2025-08-09T15:45:00+00:00,3,Tropical Heat,2.14,0.03,W,0.0342,220.16299999999995
2025-08-09T17:03:02.395664+01:00,1.246418772,1m6f Hcap,Newmarket 9th Aug,2025-08-09T15:50:00+00:00,1,Captain Brett,5.5,0.01,L,-0.01,220.15299999999996
2025-08-09T17:12:03.399132+01:00,1.246418853,1m6f Hcap,Redcar 9th Aug,2025-08-09T16:00:00+00:00,2,Spectacular Style,2.44,0.02,W,0.0288,220.18179999999995
2025-08-09T17:19:04.416879+01:00,1.246418669,1m5f Hcap,Lingfield 9th Aug,2025-08-09T16:12:00+00:00,1,Autumns Breeze,1.7,0.01,W,0.006999999999999999,220.18879999999996
2025-08-09T17:28:05.381234+01:00,1.246418945,1m Hcap,Haydock 9th Aug,2025-08-09T16:20:00+00:00,1,Qazaq,5.2,0.01,L,-0.01,220.17879999999997
2025-08-09T17:44:37.127910+01:00,1.246418704,2m Mdn Hrd,Kilbeggan 9th Aug,2025-08-09T16:27:00+00:00,2,Astelia,1.6,0.02,L,-0.02,220.15879999999996
2025-08-09T17:46:37.431891+01:00,1.246418827,1m Hcap,Curragh 9th Aug,2025-08-09T16:40:00+00:00,3,No More Porter,3.0,0.03,L,-0.03,220.12879999999996
2025-08-09T17:55:08.356722+01:00,1.246418675,1m3f Mdn Stks,Lingfield 9th Aug,2025-08-09T16:47:00+00:00,4,Venezuelan,1.95,0.05,W,0.0475,220.17629999999997
2025-08-09T18:01:09.233645+01:00,1.246418952,1m App Hcap,Haydock 9th Aug,2025-08-09T16:55:00+00:00,1,Double Parked,4.0,0.01,L,-0.01,220.16629999999998
2025-08-09T18:09:40.145931+01:00,1.246418709,2m Hcap Hrd,Kilbeggan 9th Aug,2025-08-09T17:00:00+00:00,2,Destivelle,4.6,0.02,L,-0.02,220.14629999999997
2025-08-09T18:25:00.873553+01:00,1.246418680,6f Stks,Lingfield 9th Aug,2025-08-09T17:20:00+00:00,3,Edergoles Gift,3.9,0.03,L,-0.03,220.11629999999997
2025-08-09T18:39:31.003138+01:00,1.246418714,2m3f Mdn Hrd,Kilbeggan 9th Aug,2025-08-09T17:30:00+00:00,4,Eclipse Chaser,1.84,0.05,L,-0.05,220.06629999999996
2025-08-09T18:49:30.927796+01:00,1.246418875,1m2f Hcap,Ayr 9th Aug,2025-08-09T17:42:00+00:00,5,Sure And Stedfast,5.2,0.08,L,-0.08,219.98629999999994
2025-08-09T19:00:01.293215+01:00,1.246418687,7f Nov Stks,Lingfield 9th Aug,2025-08-09T17:52:00+00:00,6,Just a Girl,1.91,0.12,W,0.10919999999999999,220.09549999999993
2025-08-09T19:09:32.572390+01:00,1.246418719,3m1f Hrd,Kilbeggan 9th Aug,2025-08-09T18:00:00+00:00,1,Reverend Hubert,2.5,0.01,W,0.015,220.11049999999992
2025-08-09T19:41:31.432651+01:00,1.246418724,3m1f Hcap Chs,Kilbeggan 9th Aug,2025-08-09T18:30:00+00:00,1,Pride Of Place,5.6,0.01,L,-0.01,220.10049999999993
2025-08-09T19:48:02.375060+01:00,1.246418889,1m Hcap,Ayr 9th Aug,2025-08-09T18:42:00+00:00,2,Boy Douglas,3.9,0.02,L,-0.02,220.08049999999992
2025-08-09T20:11:01.124371+01:00,1.246418729,2m4f Hcap Chs,Kilbeggan 9th Aug,2025-08-09T19:00:00+00:00,3,A Wave Of The Sea,4.3,0.03,L,-0.03,220.05049999999991
2025-08-09T20:18:31.919067+01:00,1.246418896,7f Hcap,Ayr 9th Aug,2025-08-09T19:12:00+00:00,4,Black Storm,3.2,0.05,L,-0.05,220.0004999999999
2025-08-09T20:38:00.894632+01:00,1.246418734,2m INHF,Kilbeggan 9th Aug,2025-08-09T19:30:00+00:00,5,Kashchei,3.8,0.08,L,-0.08,219.9204999999999
2025-08-09T20:49:00.743461+01:00,1.246418903,1m2f Stks,Ayr 9th Aug,2025-08-09T19:42:00+00:00,6,Gemini Man,2.74,0.12,L,-0.12,219.8004999999999
2025-08-09T20:49:00.743604+01:00,,,,,,,,,END_OF_DAY,,219.8004999999999
2025-08-10T14:05:00.651329+01:00,1.246446113,7f Nov Stks,Leicester 10th Aug,2025-08-10T13:00:00+00:00,1,Quadrillion,1.86,0.01,L,-0.01,219.99
2025-08-10T14:24:00.837280+01:00,1.246450906,2m2f Mdn Hrd,Downpatrick 10th Aug,2025-08-10T13:17:00+00:00,2,Galileo Springs,2.38,0.02,L,-0.02,219.97
2025-08-10T14:41:01.261863+01:00,1.246446120,1m2f Hcap,Leicester 10th Aug,2025-08-10T13:30:00+00:00,3,Naughty Niall,5.1,0.03,L,-0.03,219.94
2025-08-10T14:56:01.075974+01:00,1.246450911,2m2f Hrd,Downpatrick 10th Aug,2025-08-10T13:47:00+00:00,4,Arch Empire,1.82,0.05,L,-0.05,219.89
2025-08-10T15:10:31.216549+01:00,1.246446127,7f Hcap,Leicester 10th Aug,2025-08-10T14:00:00+00:00,5,Wilde And Dandy,3.65,0.08,L,-0.08,219.80999999999997
2025-08-10T15:12:01.522892+01:00,1.246446084,6f Stks,Wolverhampton 10th Aug,2025-08-10T14:07:00+00:00,6,Many A Star,1.63,0.12,L,-0.12,219.68999999999997
2025-08-10T15:27:31.215840+01:00,1.246450916,2m2f Hcap Hrd,Downpatrick 10th Aug,2025-08-10T14:17:00+00:00,7,Wing Back,2.9,0.18,W,0.34199999999999997,220.03199999999998
2025-08-10T15:38:31.091738+01:00,1.246446133,1m4f Hcap,Leicester 10th Aug,2025-08-10T14:30:00+00:00,1,Twilight Moon,2.24,0.01,W,0.012400000000000003,220.0444
2025-08-10T15:48:01.988180+01:00,1.246446088,6f Mdn Stks,Wolverhampton 10th Aug,2025-08-10T14:37:00+00:00,1,Wyle Cop,3.65,0.01,L,-0.01,220.0344
2025-08-10T15:50:02.249907+01:00,1.246446160,1m2f Hcap,Haydock 10th Aug,2025-08-10T14:45:00+00:00,2,Gincident,4.4,0.02,L,-0.02,220.0144
2025-08-10T16:01:00.945792+01:00,1.246450921,2m6f Hcap Hrd,Downpatrick 10th Aug,2025-08-10T14:52:00+00:00,3,Neon Diamond,3.2,0.03,L,-0.03,219.9844
2025-08-10T16:09:02.072749+01:00,1.246446146,7f Nursery,Leicester 10th Aug,2025-08-10T15:00:00+00:00,4,Boiling Over,1.41,0.05,W,0.020499999999999997,220.0049
2025-08-10T16:14:02.649918+01:00,1.246446094,1m4f Hcap,Wolverhampton 10th Aug,2025-08-10T15:07:00+00:00,1,Cynthia,2.64,0.01,L,-0.01,219.9949
2025-08-10T16:37:34.841234+01:00,1.246446166,6f Nursery,Haydock 10th Aug,2025-08-10T15:15:00+00:00,2,Jan Steen,4.5,0.02,L,-0.02,219.9749
2025-08-10T16:45:35.846525+01:00,1.246446099,7f Mdn Stks,Wolverhampton 10th Aug,2025-08-10T15:37:00+00:00,3,Polygram,2.02,0.03,L,-0.03,219.9449
2025-08-10T16:50:36.337339+01:00,1.246446173,6f Mdn Stks,Haydock 10th Aug,2025-08-10T15:45:00+00:00,4,No Direction,3.65,0.05,L,-0.05,219.89489999999998
2025-08-10T17:01:00.987504+01:00,1.246450931,2m6f Hcap Hrd,Downpatrick 10th Aug,2025-08-10T15:52:00+00:00,5,Georgia Celena,5.4,0.08,L,-0.08,219.81489999999997
2025-08-10T17:32:02.874316+01:00,1.246446106,1m Hcap,Wolverhampton 10th Aug,2025-08-10T16:07:00+00:00,6,Saxonia,3.05,0.12,L,-0.12,219.69489999999996
2025-08-10T17:55:01.093617+01:00,1.246446188,7f Hcap,Haydock 10th Aug,2025-08-10T16:45:00+00:00,7,Lorna B,3.85,0.18,L,-0.18,219.51489999999995
2025-08-10T18:26:01.360621+01:00,1.246446194,1m Hcap,Haydock 10th Aug,2025-08-10T17:15:00+00:00,8,Wolfpack,6.2,0.27,L,-0.27,219.24489999999994
2025-08-10T18:51:30.761714+01:00,1.246446200,2m Hcap,Haydock 10th Aug,2025-08-10T17:45:00+00:00,9,String Of Pearls,2.44,0.41,L,-0.41,218.83489999999995
2025-08-10T18:51:30.761887+01:00,,,,,,,,,END_OF_DAY,,218.83489999999995
2025-08-11T13:37:30.927492+01:00,1.246478996,7f Mdn Stks,Ayr 11th Aug,2025-08-11T12:30:00+00:00,1,Special Thanks,1.37,0.01,L,-0.01,219.99
2025-08-11T14:07:01.043218+01:00,1.246479003,1m Stks,Ayr 11th Aug,2025-08-11T13:00:00+00:00,2,Woodrafff,3.25,0.02,L,-0.02,219.97
2025-08-11T14:36:30.826751+01:00,1.246479010,7f Hcap,Ayr 11th Aug,2025-08-11T13:30:00+00:00,3,Highfield Viking,4.0,0.03,W,0.09,220.06
2025-08-11T14:51:00.916604+01:00,1.246478917,1m Nursery,Kempton 11th Aug,2025-08-11T13:45:00+00:00,1,Isambard Kingdom,3.15,0.01,W,0.0215,220.0815
2025-08-11T15:13:31.559948+01:00,1.246479016,7f Hcap,Ayr 11th Aug,2025-08-11T14:00:00+00:00,1,Jannas Journey,1.94,0.01,W,0.0094,220.0909
2025-08-11T15:21:30.747270+01:00,1.246478924,1m Hcap,Kempton 11th Aug,2025-08-11T14:15:00+00:00,1,Dragonflame,3.9,0.01,L,-0.01,220.0809
2025-08-11T15:39:31.144375+01:00,1.246479023,1m2f Hcap,Ayr 11th Aug,2025-08-11T14:30:00+00:00,2,Glistening Nights,3.65,0.02,L,-0.02,220.0609
2025-08-11T15:56:31.289460+01:00,1.246478931,7f Mdn Stks,Kempton 11th Aug,2025-08-11T14:45:00+00:00,3,Hoe Benham,4.4,0.03,L,-0.03,220.0309
2025-08-11T16:29:31.332163+01:00,1.246478944,7f Mdn Stks,Kempton 11th Aug,2025-08-11T15:17:00+00:00,4,Relentless Hero,3.65,0.05,L,-0.05,219.9809
2025-08-11T16:44:31.174899+01:00,1.246479037,1m2f Hcap,Ayr 11th Aug,2025-08-11T15:35:00+00:00,5,Sophiesticate,3.2,0.08,L,-0.08,219.90089999999998
2025-08-11T17:01:01.155462+01:00,1.246478937,1m4f Hcap,Kempton 11th Aug,2025-08-11T15:52:00+00:00,6,Princess Rascal,2.8,0.12,L,-0.12,219.78089999999997
2025-08-11T17:22:31.043148+01:00,1.246483287,2m1f Mdn Hrd,Ballinarobe 11th Aug,2025-08-11T16:15:00+00:00,7,Cinammon Coco,4.2,0.18,L,-0.18,219.60089999999997
2025-08-11T17:30:32.182044+01:00,1.246478951,1m3f Hcap,Kempton 11th Aug,2025-08-11T16:22:00+00:00,8,Sea The Wonder,1.85,0.27,L,-0.27,219.33089999999996
2025-08-11T17:45:00.922365+01:00,1.246478957,5f Nov Stks,Windsor 11th Aug,2025-08-11T16:40:00+00:00,9,Kinswoman,1.21,0.41,W,0.08609999999999998,219.41699999999994
2025-08-11T18:00:31.176236+01:00,1.246483292,2m1f Mdn Hrd,Ballinarobe 11th Aug,2025-08-11T16:50:00+00:00,1,Leave In Secret,2.28,0.01,W,0.012799999999999999,219.42979999999994
2025-08-11T18:17:01.136842+01:00,1.246478962,6f Nov Stks,Windsor 11th Aug,2025-08-11T17:10:00+00:00,1,Gwen John,2.74,0.01,W,0.017400000000000002,219.44719999999995
2025-08-11T18:37:31.881714+01:00,1.246483297,2m1f Hcap Hrd,Ballinarobe 11th Aug,2025-08-11T17:25:00+00:00,1,Son Of Hypnos,6.4,0.01,L,-0.01,219.43719999999996
2025-08-11T18:49:01.266923+01:00,1.246478969,1m3f Hcap,Windsor 11th Aug,2025-08-11T17:40:00+00:00,2,Jimmy Mark,4.0,0.02,L,-0.02,219.41719999999995
2025-08-11T19:04:31.631508+01:00,1.246483302,2m1f Hcap Hrd,Ballinarobe 11th Aug,2025-08-11T17:55:00+00:00,3,Shaboozee,5.1,0.03,W,0.12299999999999998,219.54019999999994
2025-08-11T19:38:01.908113+01:00,1.246483307,3m2f Hcap Hrd,Ballinarobe 11th Aug,2025-08-11T18:25:00+00:00,1,Dorans Law,4.7,0.01,L,-0.01,219.53019999999995
2025-08-11T20:05:01.282527+01:00,1.246483312,2m7f Mdn Hrd,Ballinarobe 11th Aug,2025-08-11T18:55:00+00:00,2,Ocean Of Mercy,2.32,0.02,W,0.026399999999999996,219.55659999999995
2025-08-11T20:35:01.523945+01:00,1.246483317,2m7f Hcap Hrd,Ballinarobe 11th Aug,2025-08-11T19:25:00+00:00,1,Sydney Cruiser,5.7,0.01,L,-0.01,219.54659999999996
2025-08-11T20:35:01.524119+01:00,,,,,,,,,END_OF_DAY,,219.54659999999996
2025-08-12T14:21:01.069672+01:00,1.246515084,6f Nursery,Carlisle,2025-08-12T13:15:00+00:00,1,Valor Spirit,2.98,0.01,L,-0.01,219.99
2025-08-12T14:55:32.534690+01:00,1.246515170,7f Hcap,Lingfield,2025-08-12T13:30:00+00:00,2,Semser,4.7,0.02,L,-0.02,219.97
2025-08-12T15:06:00.708907+01:00,1.246515177,7f Hcap,Lingfield,2025-08-12T14:00:00+00:00,3,I Maximus,4.0,0.03,L,-0.03,219.94
2025-08-12T15:27:01.351923+01:00,1.246515098,1m6f Hcap,Carlisle,2025-08-12T14:15:00+00:00,4,Alnayef,4.0,0.05,L,-0.05,219.89
2025-08-12T15:38:30.808909+01:00,1.246515188,5f Nov Stks,Lingfield,2025-08-12T14:32:00+00:00,5,Lady Lucky Vegas,3.35,0.08,L,-0.08,219.80999999999997
2025-08-12T15:57:00.930632+01:00,1.246515104,7f Nov Stks,Carlisle,2025-08-12T14:50:00+00:00,6,Ice Sovereigns,1.79,0.12,W,0.0948,219.90479999999997
2025-08-12T16:11:30.741926+01:00,1.246515183,1m1f Hcap,Lingfield,2025-08-12T15:07:00+00:00,1,Charming Princess,1.87,0.01,L,-0.01,219.89479999999998
2025-08-12T16:34:31.290629+01:00,1.246515111,7f Hcap,Carlisle,2025-08-12T15:25:00+00:00,2,Northern Attitude,4.4,0.02,L,-0.02,219.87479999999996
2025-08-12T16:52:01.554487+01:00,1.246515195,1m3f Stks,Lingfield,2025-08-12T15:42:00+00:00,3,Aoifes Thunder,3.15,0.03,L,-0.03,219.84479999999996
2025-08-12T17:07:01.039214+01:00,1.246515118,1m Hcap,Carlisle,2025-08-12T16:00:00+00:00,4,Jewel Maker,3.9,0.05,L,-0.05,219.79479999999995
2025-08-12T17:24:01.258880+01:00,1.246515202,1m2f Hcap,Lingfield,2025-08-12T16:17:00+00:00,5,Both Of Us,5.7,0.08,L,-0.08,219.71479999999994
2025-08-12T18:14:30.932394+01:00,1.246515124,6f Mdn Stks,Hamilton,2025-08-12T17:10:00+00:00,6,Stoic Poet,3.8,0.12,L,-0.12,219.59479999999994
2025-08-12T18:45:00.847207+01:00,1.246515136,1m Mdn Stks,Hamilton,2025-08-12T17:40:00+00:00,7,Golden Horse,1.44,0.18,W,0.07919999999999999,219.67399999999992
2025-08-12T19:16:31.192703+01:00,1.246515142,1m1f Hcap,Hamilton,2025-08-12T18:10:00+00:00,1,Wave Rider,2.78,0.01,L,-0.01,219.66399999999993
2025-08-12T20:16:01.307001+01:00,1.246515156,1m4f Hcap,Hamilton,2025-08-12T19:10:00+00:00,2,Shabu Shabu,3.1,0.02,L,-0.02,219.64399999999992
2025-08-12T20:50:02.076037+01:00,1.246515162,1m Hcap,Hamilton,2025-08-12T19:40:00+00:00,3,Royal Blaze,1.81,0.03,L,-0.03,219.61399999999992
2025-08-12T20:50:02.076189+01:00,,,,,,,,,END_OF_DAY,,219.61399999999992
2025-08-13T20:54:01.334940+01:00,EOD,END_OF_DAY,END_OF_DAY,2025-08-13,,,,,END_OF_DAY,,220.0
2025-08-14T14:16:00.832070+01:00,1.246598174,5f Nov Stks,Beverley,2025-08-14T13:10:00+00:00,1,Catching The Moon,1.95,0.01,W,0.0095,220.0095
2025-08-14T14:30:01.221134+01:00,1.246598093,7f Hcap,Salisbury,2025-08-14T13:20:00+00:00,1,My Boy Jack,3.8,0.01,L,-0.01,219.9995
2025-08-14T14:49:01.310644+01:00,1.246598180,7f Nursery,Beverley,2025-08-14T13:40:00+00:00,2,Harswell River,3.05,0.02,L,-0.02,219.9795
2025-08-14T14:57:02.079177+01:00,1.246598100,7f Mdn Stks,Salisbury,2025-08-14T13:50:00+00:00,3,Box Clever,3.75,0.03,W,0.08249999999999999,220.062
2025-08-14T15:07:30.867701+01:00,1.246598256,5f Nursery,Chepstow,2025-08-14T14:00:00+00:00,1,Elara May,1.77,0.01,W,0.0077,220.0697
2025-08-14T15:16:30.550493+01:00,1.246598187,5f Nursery,Beverley,2025-08-14T14:12:00+00:00,1,Haberdash,3.85,0.01,L,-0.01,220.05970000000002
2025-08-14T15:43:02.120147+01:00,1.246598107,7f Nov Stks,Salisbury,2025-08-14T14:25:00+00:00,2,Merapi,3.45,0.02,L,-0.02,220.0397
2025-08-14T15:43:32.251896+01:00,1.246598262,6f Mdn Stks,Chepstow,2025-08-14T14:35:00+00:00,3,Portacloy,1.8,0.03,L,-0.03,220.0097
2025-08-14T16:07:30.971397+01:00,1.246598113,1m Nov Stks,Salisbury,2025-08-14T15:00:00+00:00,4,Radiance,1.44,0.05,L,-0.05,219.9597
2025-08-14T16:18:00.915395+01:00,1.246598269,1m Hcap,Chepstow,2025-08-14T15:10:00+00:00,5,Tonal,4.4,0.08,L,-0.08,219.87969999999999
2025-08-14T16:28:31.237285+01:00,1.246598199,2m Hcap,Beverley,2025-08-14T15:20:00+00:00,6,Chillhi,2.74,0.12,W,0.2088,220.08849999999998
2025-08-14T16:42:01.021604+01:00,1.246598119,1m4f Hcap,Salisbury,2025-08-14T15:35:00+00:00,1,Orionis,2.62,0.01,L,-0.01,220.0785
2025-08-14T16:58:31.552538+01:00,1.246598275,7f Hcap,Chepstow,2025-08-14T15:45:00+00:00,2,Soi Dao,3.4,0.02,W,0.048,220.1265
2025-08-14T17:00:31.829648+01:00,1.246598204,1m Hcap,Beverley,2025-08-14T15:55:00+00:00,1,Tees George,2.16,0.01,L,-0.01,220.1165
2025-08-14T17:12:30.905653+01:00,1.246636625,1m7f Nov Chs,Tramore,2025-08-14T16:05:00+00:00,2,Ma Belle Etoile,2.12,0.02,L,-0.02,220.0965
2025-08-14T17:16:31.570107+01:00,1.246598125,1m2f Hcap,Salisbury,2025-08-14T16:10:00+00:00,3,King Of The Sea,2.0,0.03,W,0.03,220.1265
2025-08-14T17:28:30.988650+01:00,1.246602987,5f Mdn,Cork,2025-08-14T16:22:00+00:00,1,Dawn Romance,2.98,0.01,L,-0.01,220.1165
2025-08-14T17:38:01.024969+01:00,1.246598445,1m2f Hcap,Windsor,2025-08-14T16:30:00+00:00,2,Just An Hour,6.2,0.02,L,-0.02,220.0965
2025-08-14T17:42:31.782763+01:00,1.246636630,2m6f Beg Chs,Tramore,2025-08-14T16:35:00+00:00,3,El Champo,2.8,0.03,W,0.05399999999999999,220.1505
2025-08-14T18:06:31.027473+01:00,1.246598452,1m Hcap,Windsor,2025-08-14T17:00:00+00:00,1,Love Is The Law,4.6,0.01,L,-0.01,220.1405
2025-08-14T18:15:02.331341+01:00,1.246636635,2m Mdn Hrd,Tramore,2025-08-14T17:05:00+00:00,2,Tatateo,1.37,0.02,W,0.007400000000000002,220.1479
2025-08-14T18:29:30.884057+01:00,1.246602997,7f Mdn,Cork,2025-08-14T17:22:00+00:00,1,Cape Sounion,3.75,0.01,L,-0.01,220.1379
2025-08-14T18:43:31.045865+01:00,1.246636640,2m Hcap Hrd,Tramore,2025-08-14T17:35:00+00:00,2,Jerrari,4.9,0.02,L,-0.02,220.1179
2025-08-14T18:53:30.945245+01:00,1.246598211,6f Nov Stks,Chelmsford City,2025-08-14T17:45:00+00:00,3,Dartrey,2.08,0.03,L,-0.03,220.0879
2025-08-14T19:00:01.684893+01:00,1.246603002,7f Listed,Cork,2025-08-14T17:52:00+00:00,4,Dance Night Andday,3.6,0.05,L,-0.05,220.03789999999998
2025-08-14T19:09:32.811721+01:00,1.246598466,1m Hcap,Windsor,2025-08-14T18:00:00+00:00,5,Mythical Guest,3.95,0.08,L,-0.08,219.95789999999997
2025-08-14T19:12:33.320412+01:00,1.246636645,2m4f Nov Hrd,Tramore,2025-08-14T18:05:00+00:00,6,Faceman,2.26,0.12,W,0.15119999999999997,220.10909999999996
2025-08-14T19:30:31.077485+01:00,1.246603007,1m4f Grp 3,Cork,2025-08-14T18:22:00+00:00,1,Island Hopping,4.2,0.01,L,-0.01,220.09909999999996
2025-08-14T19:37:01.862627+01:00,1.246598473,1m3f Hcap,Windsor,2025-08-14T18:30:00+00:00,2,Ammes,2.56,0.02,L,-0.02,220.07909999999995
2025-08-14T19:47:02.941952+01:00,1.246636652,2m4f Hcap Hrd,Tramore,2025-08-14T18:35:00+00:00,3,Inchidaly Copper,5.3,0.03,L,-0.03,220.04909999999995
2025-08-14T19:54:03.800872+01:00,1.246598231,1m Hcap,Chelmsford City,2025-08-14T18:45:00+00:00,4,Crack Shot,4.6,0.05,L,-0.05,219.99909999999994
2025-08-14T20:00:04.550233+01:00,1.246603012,1m2f Mdn,Cork,2025-08-14T18:52:00+00:00,5,Tswalu,2.06,0.08,L,-0.08,219.91909999999993
2025-08-14T20:07:35.359862+01:00,1.246598480,1m2f Hcap,Windsor,2025-08-14T19:00:00+00:00,6,Parole Doro,5.1,0.12,L,-0.12,219.79909999999992
2025-08-14T20:16:06.408098+01:00,1.246636660,2m Mdn,Tramore,2025-08-14T19:05:00+00:00,7,Winter Fog,1.66,0.18,W,0.11879999999999998,219.91789999999992
2025-08-14T20:22:07.069269+01:00,1.246598237,1m2f Mdn Stks,Chelmsford City,2025-08-14T19:15:00+00:00,1,Majaz,2.28,0.01,L,-0.01,219.90789999999993
2025-08-14T20:30:00.694460+01:00,1.246603017,1m Hcap,Cork,2025-08-14T19:25:00+00:00,2,Thegooseiscooked,2.18,0.02,L,-0.02,219.88789999999992
2025-08-14T20:53:31.048339+01:00,1.246598244,1m2f Hcap,Chelmsford City,2025-08-14T19:45:00+00:00,3,Sansanetti,3.05,0.03,L,-0.03,219.85789999999992
2025-08-14T20:53:31.048752+01:00,EOD,END_OF_DAY,END_OF_DAY,2025-08-14,,,,,END_OF_DAY,,219.85789999999992
2025-08-15T13:52:30.891952+01:00,1.246638509,6f Mdn,Dundalk,2025-08-15T12:45:00+00:00,1,Bear On The Run,2.0,0.01,W,0.01,220.01
2025-08-15T14:12:00.815793+01:00,1.246633669,7f Nursery,Epsom,2025-08-15T13:05:00+00:00,1,Who Is Alice,3.5,0.01,L,-0.01,220.0
2025-08-15T14:20:30.656589+01:00,1.246633800,7f Mdn Stks,Yarmouth,2025-08-15T13:15:00+00:00,2,Catullus,1.1,0.02,W,0.0020000000000000018,220.002
2025-08-15T14:47:00.830750+01:00,1.246633676,7f Nov Stks,Epsom,2025-08-15T13:40:00+00:00,1,Calendar Girl,1.57,0.01,L,-0.01,219.99200000000002
2025-08-15T14:55:00.671453+01:00,1.246633804,6f Stks,Yarmouth,2025-08-15T13:50:00+00:00,2,B Associates,3.05,0.02,L,-0.02,219.972
2025-08-15T15:06:31.874922+01:00,1.246638520,7f Stks,Dundalk,2025-08-15T13:55:00+00:00,3,Never Shout Never,4.5,0.03,L,-0.03,219.942
2025-08-15T15:13:32.582546+01:00,1.246633706,6f Nursery,Newbury,2025-08-15T14:05:00+00:00,4,Penhallam,4.5,0.05,L,-0.05,219.892
2025-08-15T15:44:01.588457+01:00,1.246638525,7f Mdn,Dundalk,2025-08-15T14:30:00+00:00,5,Beijinho,3.0,0.08,L,-0.08,219.81199999999998
2025-08-15T15:49:02.234278+01:00,1.246633713,6f Nov Stks,Newbury,2025-08-15T14:40:00+00:00,6,Butterfly Beach,2.64,0.12,L,-0.12,219.69199999999998
2025-08-15T15:59:33.244687+01:00,1.246633693,1m2f Hcap,Epsom,2025-08-15T14:50:00+00:00,7,Letsbeatsepsis,3.45,0.18,L,-0.18,219.51199999999997
2025-08-15T16:12:34.576645+01:00,1.246633816,1m3f Hcap,Yarmouth,2025-08-15T15:00:00+00:00,8,Media Mogul,3.4,0.27,L,-0.27,219.24199999999996
2025-08-15T16:22:35.599966+01:00,1.246633725,1m Mdn Stks,Newbury,2025-08-15T15:10:00+00:00,9,Home Hero,3.15,0.41,L,-0.41,218.83199999999997
2025-08-15T16:32:06.596804+01:00,1.246633687,1m Hcap,Epsom,2025-08-15T15:20:00+00:00,10,Dalmally,2.06,0.62,L,-0.62,218.21199999999996
2025-08-15T16:41:00.745606+01:00,1.246633822,1m Nov Stks,Yarmouth,2025-08-15T15:35:00+00:00,11,Snow Master,1.86,0.93,W,0.7998000000000002,219.01179999999997
2025-08-15T16:47:01.384834+01:00,1.246638536,1m Hcap,Dundalk,2025-08-15T15:40:00+00:00,1,Ballymagreehan,5.8,0.01,L,-0.01,219.00179999999997
2025-08-15T16:53:32.116596+01:00,1.246633743,5f Listed,Newbury,2025-08-15T15:45:00+00:00,2,Flowerhead,2.16,0.02,L,-0.02,218.98179999999996
2025-08-15T16:58:32.692505+01:00,1.246633699,7f Hcap,Epsom,2025-08-15T15:50:00+00:00,3,Silver Trumpet,3.4,0.03,W,0.072,219.05379999999997
2025-08-15T17:07:30.892999+01:00,1.246636930,2m6f Chs,Tramore,2025-08-15T16:00:00+00:00,1,Dark Note,2.46,0.01,L,-0.01,219.04379999999998
2025-08-15T17:13:01.567465+01:00,1.246633829,1m Stks,Yarmouth,2025-08-15T16:05:00+00:00,2,Typeface,2.8,0.02,L,-0.02,219.02379999999997
2025-08-15T17:18:32.255868+01:00,1.246638541,1m2f Hcap,Dundalk,2025-08-15T16:10:00+00:00,3,Game Point,3.75,0.03,L,-0.03,218.99379999999996
2025-08-15T17:21:02.590355+01:00,1.246633762,7f Nov Stks,Newmarket,2025-08-15T16:15:00+00:00,4,Monastry,2.28,0.05,W,0.06399999999999999,219.05779999999996
2025-08-15T17:27:33.250110+01:00,1.246633750,7f Hcap,Newbury,2025-08-15T16:20:00+00:00,1,Mythical Composer,4.1,0.01,L,-0.01,219.04779999999997
2025-08-15T17:38:04.258415+01:00,1.246633857,6f Mdn Stks,Thirsk,2025-08-15T16:25:00+00:00,2,Jazl,3.35,0.02,L,-0.02,219.02779999999996
2025-08-15T17:47:05.188334+01:00,1.246636935,2m6f Hcap Chs,Tramore,2025-08-15T16:35:00+00:00,3,Our Zebo,3.3,0.03,L,-0.03,218.99779999999996
2025-08-15T17:54:05.999672+01:00,1.246638546,1m2f Hcap,Dundalk,2025-08-15T16:45:00+00:00,4,Porsche Lad,3.7,0.05,L,-0.05,218.94779999999994
2025-08-15T17:57:36.408529+01:00,1.246633768,1m Nov Stks,Newmarket,2025-08-15T16:52:00+00:00,5,Suhub,2.0,0.08,L,-0.08,218.86779999999993
2025-08-15T18:03:07.010468+01:00,1.246633756,1m2f Hcap,Newbury,2025-08-15T16:57:00+00:00,6,Nightsinwhitesatin,1.56,0.12,W,0.06720000000000001,218.93499999999995
2025-08-15T18:11:38.038307+01:00,1.246633870,7f Nov Stks,Thirsk,2025-08-15T17:02:00+00:00,1,Haaderr,1.84,0.01,L,-0.01,218.92499999999995
2025-08-15T18:17:38.669126+01:00,1.246636940,2m Mdn Hrd,Tramore,2025-08-15T17:10:00+00:00,2,Captain Ryan Matt,1.78,0.02,W,0.015600000000000001,218.94059999999996
2025-08-15T18:31:00.783474+01:00,1.246633775,1m Hcap,Newmarket,2025-08-15T17:25:00+00:00,1,Cancan In The Rain,3.35,0.01,W,0.0235,218.96409999999997
2025-08-15T18:52:00.860366+01:00,1.246636945,2m Hcap Hrd,Tramore,2025-08-15T17:45:00+00:00,1,Pauls Dream,4.3,0.01,L,-0.01,218.95409999999998
2025-08-15T19:05:00.647823+01:00,1.246633782,1m Hcap,Newmarket,2025-08-15T18:00:00+00:00,2,Elarak,5.2,0.02,L,-0.02,218.93409999999997
2025-08-15T19:19:31.177465+01:00,1.246633877,7f Hcap,Thirsk,2025-08-15T18:10:00+00:00,3,High On Hope,4.0,0.03,L,-0.03,218.90409999999997
2025-08-15T19:26:31.905235+01:00,1.246636950,2m5f Mdn Hrd,Tramore,2025-08-15T18:19:00+00:00,4,Kilmore Coral,4.1,0.05,W,0.155,219.05909999999997
2025-08-15T19:39:31.111533+01:00,1.246633788,1m2f Hcap,Newmarket,2025-08-15T18:30:00+00:00,1,Charming Whisper,2.44,0.01,L,-0.01,219.04909999999998
2025-08-15T19:46:31.861512+01:00,1.246633884,1m Hcap,Thirsk,2025-08-15T18:40:00+00:00,2,Jez Bomb,4.6,0.02,W,0.072,219.12109999999998
2025-08-15T19:57:30.924791+01:00,1.246636955,2m5f Hcap Hrd,Tramore,2025-08-15T18:49:00+00:00,1,Spellacys Cross,3.7,0.01,L,-0.01,219.1111
2025-08-15T20:18:31.029606+01:00,1.246633890,1m4f Hcap,Thirsk,2025-08-15T19:10:00+00:00,2,Arundel,1.95,0.02,L,-0.02,219.09109999999998
2025-08-15T20:27:32.064304+01:00,1.246636960,2m Flat,Tramore,2025-08-15T19:19:00+00:00,3,Highland Realm,1.68,0.03,L,-0.03,219.06109999999998
2025-08-15T20:27:32.064449+01:00,EOD,END_OF_DAY,END_OF_DAY,2025-08-15,,,,,END_OF_DAY,,219.06109999999998
2025-08-16T13:46:01.207701+01:00,1.246659480,1m Nov Stks,Ripon,2025-08-16T12:35:00+00:00,1,Suspended Sentence,3.1,0.01,W,0.021,220.021
2025-08-16T13:52:01.843325+01:00,1.246667926,6f Mdn,Curragh,2025-08-16T12:42:00+00:00,1,Treasured Royal,6.0,0.01,L,-0.01,220.011
2025-08-16T13:58:32.507187+01:00,1.246659345,1m5f Grp 3,Newbury,2025-08-16T12:50:00+00:00,2,Pinhole,4.4,0.02,L,-0.02,219.99099999999999
2025-08-16T14:05:33.197341+01:00,1.246659709,1m2f Hcap,Doncaster,2025-08-16T12:57:00+00:00,3,Echo Of Glory,2.86,0.03,L,-0.03,219.96099999999998
2025-08-16T14:19:00.962766+01:00,1.246659486,6f Nov Stks,Ripon,2025-08-16T13:10:00+00:00,4,Gold Queen Kindly,2.26,0.05,L,-0.05,219.91099999999997
2025-08-16T14:23:01.414641+01:00,1.246667933,6f Nursery,Curragh,2025-08-16T13:17:00+00:00,5,Sir Alfie,7.4,0.08,W,0.512,220.42299999999997
2025-08-16T14:37:30.656654+01:00,1.246659714,7f Nov Stks,Doncaster,2025-08-16T13:32:00+00:00,1,Avicenna,1.95,0.01,W,0.0095,220.43249999999998
2025-08-16T14:46:00.727489+01:00,1.246659230,1m Nov Stks,Newmarket,2025-08-16T13:40:00+00:00,1,Del Maro,3.0,0.01,L,-0.01,220.42249999999999
2025-08-16T14:56:30.545195+01:00,1.246667940,5f Listed,Curragh,2025-08-16T13:52:00+00:00,2,Kansas,2.58,0.02,L,-0.02,220.40249999999997
2025-08-16T15:07:00.896655+01:00,1.246659358,7f Hcap,Newbury,2025-08-16T14:00:00+00:00,3,Classic,3.9,0.03,L,-0.03,220.37249999999997
2025-08-16T15:14:01.592874+01:00,1.246659721,7f Hcap,Doncaster,2025-08-16T14:07:00+00:00,4,Lumenbourg,4.0,0.05,L,-0.05,220.32249999999996
2025-08-16T15:22:02.353506+01:00,1.246659235,7f Nursery,Newmarket,2025-08-16T14:15:00+00:00,5,Half Sovereign,2.38,0.08,W,0.1104,220.43289999999996
2025-08-16T15:34:30.780535+01:00,1.246667947,1m2f Grp 3,Curragh,2025-08-16T14:27:00+00:00,1,Los Angeles,1.72,0.01,L,-0.01,220.42289999999997
2025-08-16T15:44:01.738316+01:00,1.246659454,7f Grp 2,Newbury,2025-08-16T14:35:00+00:00,2,More Thunder,2.74,0.02,W,0.034800000000000005,220.45769999999996
2025-08-16T15:47:32.142710+01:00,1.246659727,1m Hcap,Doncaster,2025-08-16T14:40:00+00:00,1,Amidst The Chaos,1.11,0.01,W,0.001100000000000001,220.45879999999997
2025-08-16T15:56:03.004888+01:00,1.246659241,1m6f Hcap,Newmarket,2025-08-16T14:45:00+00:00,1,Spirit Of Jura,4.5,0.01,L,-0.01,220.44879999999998
2025-08-16T16:05:03.959717+01:00,1.246659500,1m Hcap,Ripon,2025-08-16T14:50:00+00:00,2,A Major Payne,1.27,0.02,L,-0.02,220.42879999999997
2025-08-16T16:19:00.962552+01:00,1.246659461,7f Nov Stks,Newbury,2025-08-16T15:10:00+00:00,3,Venetian Prince,2.42,0.03,W,0.0426,220.47139999999996
2025-08-16T16:33:32.368131+01:00,1.246659247,1m2f Hcap,Newmarket,2025-08-16T15:20:00+00:00,1,Showyoutheropes,3.4,0.01,W,0.024,220.49539999999996
2025-08-16T16:39:03.012564+01:00,1.246659892,2m4f Nov Hcap Chs,Perth,2025-08-16T15:30:00+00:00,1,King Roly,1.83,0.01,W,0.0083,220.50369999999995
2025-08-16T16:45:03.708616+01:00,1.246667961,1m6f Grp 3,Curragh,2025-08-16T15:37:00+00:00,1,Puppet Master,2.1,0.01,L,-0.01,220.49369999999996
2025-08-16T16:55:04.694095+01:00,1.246659467,1m4f Hcap,Newbury,2025-08-16T15:45:00+00:00,2,Byblos,2.34,0.02,L,-0.02,220.47369999999995
2025-08-16T16:55:04.773929+01:00,1.246659748,7f Nov Stks,Doncaster,2025-08-16T15:50:00+00:00,3,Empire Power,3.0,0.03,L,-0.03,220.44369999999995
2025-08-16T17:01:35.440516+01:00,1.246659252,1m Hcap,Newmarket,2025-08-16T15:55:00+00:00,4,Wonderbolt,1.98,0.05,W,0.049,220.49269999999996
2025-08-16T17:11:06.351448+01:00,1.246659521,1m2f Hcap,Ripon,2025-08-16T15:59:00+00:00,1,Bay Dream Believer,3.65,0.01,W,0.0265,220.51919999999996
2025-08-16T17:21:37.380188+01:00,1.246659898,2m4f Hcap Hrd,Perth,2025-08-16T16:05:00+00:00,1,Moonbow,1.01,0.01,W,0.00010000000000000009,220.51929999999996
2025-08-16T17:23:07.627261+01:00,1.246659755,2m4f Mdn Hrd,Market Rasen,2025-08-16T16:15:00+00:00,1,Joueuse Royale,1.93,0.01,W,0.0093,220.52859999999995
2025-08-16T17:27:38.163886+01:00,1.246659473,1m2f Hcap,Newbury,2025-08-16T16:20:00+00:00,1,Fort George,2.94,0.01,W,0.0194,220.54799999999994
2025-08-16T17:33:08.728716+01:00,1.246659741,1m2f Hcap,Doncaster,2025-08-16T16:25:00+00:00,1,Absolute Star,3.0,0.01,L,-0.01,220.53799999999995
2025-08-16T17:37:09.126673+01:00,1.246668361,1m4f Mdn,Tramore,2025-08-16T16:30:00+00:00,2,Dream On Baby,190.0,0.02,L,-0.02,220.51799999999994
2025-08-16T17:49:40.438251+01:00,1.246659904,3m Hcap Hrd,Perth,2025-08-16T16:35:00+00:00,3,Happy Index,5.3,0.03,L,-0.03,220.48799999999994
2025-08-16T17:57:41.351689+01:00,1.246659761,2m Nov Hrd,Market Rasen,2025-08-16T16:50:00+00:00,4,Nap Hand,1.37,0.05,L,-0.05,220.43799999999993
2025-08-16T18:06:30.774160+01:00,1.246668366,1m4f Stks,Tramore,2025-08-16T17:00:00+00:00,5,Enziya,3.95,0.08,L,-0.08,220.35799999999992
2025-08-16T18:25:02.510810+01:00,1.246659910,2m Hcap Hrd,Perth,2025-08-16T17:07:00+00:00,6,Rock On Pedro,3.55,0.12,L,-0.12,220.23799999999991
2025-08-16T18:31:03.178913+01:00,1.246659768,2m1f Hcap Chs,Market Rasen,2025-08-16T17:23:00+00:00,7,Prospect House,3.5,0.18,L,-0.18,220.0579999999999
2025-08-16T18:40:04.140433+01:00,1.246668371,1m4f Hcap,Tramore,2025-08-16T17:32:00+00:00,8,Stepdance,2.66,0.27,W,0.44820000000000004,220.50619999999992
2025-08-16T19:01:06.140265+01:00,1.246659917,3m Hcap Chs,Perth,2025-08-16T17:38:00+00:00,1,Raby Mere,2.8,0.01,L,-0.01,220.49619999999993
2025-08-16T19:03:06.448463+01:00,1.246659775,2m5f Hcap Chs,Market Rasen,2025-08-16T17:53:00+00:00,2,Couldbeaweapon,3.15,0.02,L,-0.02,220.47619999999992
2025-08-16T19:14:07.598520+01:00,1.246668376,1m4f Hcap,Tramore,2025-08-16T18:02:00+00:00,3,Tounsivator,2.26,0.03,W,0.03779999999999999,220.51399999999992
2025-08-16T19:41:10.229867+01:00,1.246659930,2m Stks,Perth,2025-08-16T18:08:00+00:00,1,Tenthousandreasons,2.64,0.01,L,-0.01,220.50399999999993
2025-08-16T19:44:40.738767+01:00,1.246668381,2m Hcap,Tramore,2025-08-16T18:37:00+00:00,2,Shoda,1.65,0.02,L,-0.02,220.48399999999992
2025-08-16T20:11:00.929665+01:00,1.246659788,2m2f Hcap Hrd,Market Rasen,2025-08-16T19:03:00+00:00,3,Sixty Plus,4.2,0.03,W,0.096,220.57999999999993
2025-08-16T20:18:01.646782+01:00,1.246668386,2m Hcap,Tramore,2025-08-16T19:10:00+00:00,1,Dumb Love,3.0,0.01,L,-0.01,220.56999999999994
2025-08-16T20:18:01.647229+01:00,EOD,END_OF_DAY,END_OF_DAY,2025-08-16,,,,,END_OF_DAY,,220.56999999999994
